"0","class(secuencia2)"
"1","[1]"
"1"," ""list"""
"1","
"
"0","print(secuencia2)"
"1","$NC_001475
"
"1","   [1]"
"1"," ""a"""
"1"," ""g"""
"1"," ""t"""
"1"," ""t"""
"1"," ""g"""
"1"," ""t"""
"1"," ""t"""
"1"," ""a"""
"1"," ""g"""
"1"," ""t"""
"1"," ""c"""
"1"," ""t"""
"1"," ""a"""
"1"," ""c"""
"1"," ""g"""
"1"," ""t"""
"1"," ""g"""
"1"," ""g"""
"1"," ""a"""
"1"," ""c"""
"1"," ""c"""
"1"," ""g"""
"1"," ""a"""
"1"," ""c"""
"1"," ""a"""
"1"," ""a"""
"1"," ""g"""
"1","
"
"1","  [28]"
"1"," ""a"""
"1"," ""a"""
"1"," ""c"""
"1"," ""a"""
"1"," ""g"""
"1"," ""t"""
"1"," ""t"""
"1"," ""t"""
"1"," ""c"""
"1"," ""g"""
"1"," ""a"""
"1"," ""c"""
"1"," ""t"""
"1"," ""c"""
"1"," ""g"""
"1"," ""g"""
"1"," ""a"""
"1"," ""a"""
"1"," ""g"""
"1"," ""c"""
"1"," ""t"""
"1"," ""t"""
"1"," ""g"""
"1"," ""c"""
"1"," ""t"""
"1"," ""t"""
"1"," ""a"""
"1","
"
"1","  [55]"
"1"," ""a"""
"1"," ""c"""
"1"," ""g"""
"1"," ""t"""
"1"," ""a"""
"1"," ""g"""
"1"," ""t"""
"1"," ""g"""
"1"," ""c"""
"1"," ""t"""
"1"," ""g"""
"1"," ""a"""
"1"," ""c"""
"1"," ""a"""
"1"," ""g"""
"1"," ""t"""
"1"," ""t"""
"1"," ""t"""
"1"," ""t"""
"1"," ""t"""
"1"," ""t"""
"1"," ""a"""
"1"," ""t"""
"1"," ""t"""
"1"," ""a"""
"1"," ""g"""
"1"," ""a"""
"1","
"
"1","  [82]"
"1"," ""g"""
"1"," ""a"""
"1"," ""g"""
"1"," ""c"""
"1"," ""a"""
"1"," ""g"""
"1"," ""a"""
"1"," ""t"""
"1"," ""c"""
"1"," ""t"""
"1"," ""c"""
"1"," ""t"""
"1"," ""g"""
"1"," ""a"""
"1"," ""t"""
"1"," ""g"""
"1"," ""a"""
"1"," ""a"""
"1"," ""c"""
"1"," ""a"""
"1"," ""a"""
"1"," ""c"""
"1"," ""c"""
"1"," ""a"""
"1"," ""a"""
"1"," ""c"""
"1"," ""g"""
"1","
"
"1"," [109]"
"1"," ""g"""
"1"," ""a"""
"1"," ""a"""
"1"," ""g"""
"1"," ""a"""
"1"," ""a"""
"1"," ""g"""
"1"," ""a"""
"1"," ""c"""
"1"," ""g"""
"1"," ""g"""
"1"," ""g"""
"1"," ""a"""
"1"," ""a"""
"1"," ""a"""
"1"," ""a"""
"1"," ""c"""
"1"," ""c"""
"1"," ""g"""
"1"," ""t"""
"1"," ""c"""
"1"," ""t"""
"1"," ""a"""
"1"," ""t"""
"1"," ""c"""
"1"," ""a"""
"1"," ""a"""
"1","
"
"1"," [136]"
"1"," ""t"""
"1"," ""a"""
"1"," ""t"""
"1"," ""g"""
"1"," ""c"""
"1"," ""t"""
"1"," ""g"""
"1"," ""a"""
"1"," ""a"""
"1"," ""a"""
"1"," ""c"""
"1"," ""g"""
"1"," ""c"""
"1"," ""g"""
"1"," ""t"""
"1"," ""g"""
"1"," ""a"""
"1"," ""g"""
"1"," ""a"""
"1"," ""a"""
"1"," ""a"""
"1"," ""c"""
"1"," ""c"""
"1"," ""g"""
"1"," ""t"""
"1"," ""g"""
"1"," ""t"""
"1","
"
"1"," [163]"
"1"," ""g"""
"1"," ""t"""
"1"," ""c"""
"1"," ""a"""
"1"," ""a"""
"1"," ""c"""
"1"," ""t"""
"1"," ""g"""
"1"," ""g"""
"1"," ""a"""
"1"," ""t"""
"1"," ""c"""
"1"," ""a"""
"1"," ""c"""
"1"," ""a"""
"1"," ""g"""
"1"," ""t"""
"1"," ""t"""
"1"," ""g"""
"1"," ""g"""
"1"," ""c"""
"1"," ""g"""
"1"," ""a"""
"1"," ""a"""
"1"," ""g"""
"1"," ""a"""
"1"," ""g"""
"1","
"
"1"," [190]"
"1"," ""a"""
"1"," ""t"""
"1"," ""t"""
"1"," ""c"""
"1"," ""t"""
"1"," ""c"""
"1"," ""a"""
"1"," ""a"""
"1"," ""a"""
"1"," ""a"""
"1"," ""g"""
"1"," ""g"""
"1"," ""a"""
"1"," ""c"""
"1"," ""t"""
"1"," ""g"""
"1"," ""c"""
"1"," ""t"""
"1"," ""g"""
"1"," ""a"""
"1"," ""a"""
"1"," ""c"""
"1"," ""g"""
"1"," ""g"""
"1"," ""c"""
"1"," ""c"""
"1"," ""a"""
"1","
"
"1"," [217]"
"1"," ""g"""
"1"," ""g"""
"1"," ""g"""
"1"," ""a"""
"1"," ""c"""
"1"," ""c"""
"1"," ""a"""
"1"," ""a"""
"1"," ""t"""
"1"," ""g"""
"1"," ""a"""
"1"," ""a"""
"1"," ""a"""
"1"," ""t"""
"1"," ""t"""
"1"," ""g"""
"1"," ""g"""
"1"," ""t"""
"1"," ""t"""
"1"," ""a"""
"1"," ""t"""
"1"," ""g"""
"1"," ""g"""
"1"," ""c"""
"1"," ""g"""
"1"," ""t"""
"1"," ""t"""
"1","
"
"1"," [244]"
"1"," ""c"""
"1"," ""a"""
"1"," ""t"""
"1"," ""a"""
"1"," ""g"""
"1"," ""c"""
"1"," ""t"""
"1"," ""t"""
"1"," ""t"""
"1"," ""c"""
"1"," ""c"""
"1"," ""t"""
"1"," ""c"""
"1"," ""a"""
"1"," ""g"""
"1"," ""a"""
"1"," ""t"""
"1"," ""t"""
"1"," ""t"""
"1"," ""c"""
"1"," ""t"""
"1"," ""a"""
"1"," ""g"""
"1"," ""c"""
"1"," ""c"""
"1"," ""a"""
"1"," ""t"""
"1","
"
"1"," [271]"
"1"," ""t"""
"1"," ""c"""
"1"," ""c"""
"1"," ""a"""
"1"," ""c"""
"1"," ""c"""
"1"," ""a"""
"1"," ""a"""
"1"," ""c"""
"1"," ""a"""
"1"," ""g"""
"1"," ""c"""
"1"," ""a"""
"1"," ""g"""
"1"," ""g"""
"1"," ""a"""
"1"," ""g"""
"1"," ""t"""
"1"," ""c"""
"1"," ""t"""
"1"," ""t"""
"1"," ""g"""
"1"," ""g"""
"1"," ""c"""
"1"," ""t"""
"1"," ""a"""
"1"," ""g"""
"1","
"
"1"," [298]"
"1"," ""a"""
"1"," ""t"""
"1"," ""g"""
"1"," ""g"""
"1"," ""g"""
"1"," ""g"""
"1"," ""a"""
"1"," ""a"""
"1"," ""c"""
"1"," ""c"""
"1"," ""t"""
"1"," ""t"""
"1"," ""c"""
"1"," ""a"""
"1"," ""a"""
"1"," ""g"""
"1"," ""a"""
"1"," ""a"""
"1"," ""g"""
"1"," ""t"""
"1"," ""c"""
"1"," ""g"""
"1"," ""g"""
"1"," ""g"""
"1"," ""g"""
"1"," ""g"""
"1"," ""c"""
"1","
"
"1"," [325]"
"1"," ""c"""
"1"," ""a"""
"1"," ""t"""
"1"," ""t"""
"1"," ""a"""
"1"," ""a"""
"1"," ""g"""
"1"," ""g"""
"1"," ""t"""
"1"," ""c"""
"1"," ""c"""
"1"," ""t"""
"1"," ""g"""
"1"," ""a"""
"1"," ""a"""
"1"," ""a"""
"1"," ""g"""
"1"," ""g"""
"1"," ""c"""
"1"," ""t"""
"1"," ""t"""
"1"," ""c"""
"1"," ""a"""
"1"," ""a"""
"1"," ""g"""
"1"," ""a"""
"1"," ""a"""
"1","
"
"1"," [352]"
"1"," ""g"""
"1"," ""g"""
"1"," ""a"""
"1"," ""g"""
"1"," ""a"""
"1"," ""t"""
"1"," ""c"""
"1"," ""t"""
"1"," ""c"""
"1"," ""a"""
"1"," ""a"""
"1"," ""a"""
"1"," ""c"""
"1"," ""a"""
"1"," ""t"""
"1"," ""g"""
"1"," ""c"""
"1"," ""t"""
"1"," ""g"""
"1"," ""a"""
"1"," ""g"""
"1"," ""c"""
"1"," ""a"""
"1"," ""t"""
"1"," ""a"""
"1"," ""a"""
"1"," ""t"""
"1","
"
"1"," [379]"
"1"," ""c"""
"1"," ""a"""
"1"," ""a"""
"1"," ""c"""
"1"," ""c"""
"1"," ""a"""
"1"," ""a"""
"1"," ""c"""
"1"," ""g"""
"1"," ""g"""
"1"," ""a"""
"1"," ""a"""
"1"," ""a"""
"1"," ""a"""
"1"," ""a"""
"1"," ""g"""
"1"," ""a"""
"1"," ""c"""
"1"," ""a"""
"1"," ""t"""
"1"," ""c"""
"1"," ""g"""
"1"," ""c"""
"1"," ""t"""
"1"," ""c"""
"1"," ""t"""
"1"," ""g"""
"1","
"
"1"," [406]"
"1"," ""t"""
"1"," ""c"""
"1"," ""t"""
"1"," ""c"""
"1"," ""a"""
"1"," ""t"""
"1"," ""g"""
"1"," ""a"""
"1"," ""t"""
"1"," ""g"""
"1"," ""a"""
"1"," ""t"""
"1"," ""a"""
"1"," ""t"""
"1"," ""t"""
"1"," ""g"""
"1"," ""c"""
"1"," ""c"""
"1"," ""a"""
"1"," ""g"""
"1"," ""c"""
"1"," ""a"""
"1"," ""g"""
"1"," ""c"""
"1"," ""a"""
"1"," ""c"""
"1"," ""t"""
"1","
"
"1"," [433]"
"1"," ""t"""
"1"," ""g"""
"1"," ""c"""
"1"," ""t"""
"1"," ""t"""
"1"," ""t"""
"1"," ""c"""
"1"," ""c"""
"1"," ""a"""
"1"," ""c"""
"1"," ""t"""
"1"," ""t"""
"1"," ""g"""
"1"," ""a"""
"1"," ""c"""
"1"," ""t"""
"1"," ""t"""
"1"," ""c"""
"1"," ""a"""
"1"," ""c"""
"1"," ""g"""
"1"," ""a"""
"1"," ""g"""
"1"," ""a"""
"1"," ""t"""
"1"," ""g"""
"1"," ""g"""
"1","
"
"1"," [460]"
"1"," ""a"""
"1"," ""g"""
"1"," ""a"""
"1"," ""g"""
"1"," ""c"""
"1"," ""c"""
"1"," ""g"""
"1"," ""c"""
"1"," ""g"""
"1"," ""c"""
"1"," ""a"""
"1"," ""t"""
"1"," ""g"""
"1"," ""a"""
"1"," ""t"""
"1"," ""t"""
"1"," ""g"""
"1"," ""t"""
"1"," ""g"""
"1"," ""g"""
"1"," ""g"""
"1"," ""g"""
"1"," ""a"""
"1"," ""a"""
"1"," ""g"""
"1"," ""a"""
"1"," ""a"""
"1","
"
"1"," [487]"
"1"," ""t"""
"1"," ""g"""
"1"," ""a"""
"1"," ""a"""
"1"," ""a"""
"1"," ""g"""
"1"," ""a"""
"1"," ""g"""
"1"," ""g"""
"1"," ""t"""
"1"," ""a"""
"1"," ""a"""
"1"," ""a"""
"1"," ""t"""
"1"," ""c"""
"1"," ""c"""
"1"," ""c"""
"1"," ""t"""
"1"," ""a"""
"1"," ""c"""
"1"," ""t"""
"1"," ""t"""
"1"," ""t"""
"1"," ""t"""
"1"," ""t"""
"1"," ""a"""
"1"," ""a"""
"1","
"
"1"," [514]"
"1"," ""g"""
"1"," ""a"""
"1"," ""c"""
"1"," ""a"""
"1"," ""g"""
"1"," ""c"""
"1"," ""c"""
"1"," ""t"""
"1"," ""c"""
"1"," ""t"""
"1"," ""g"""
"1"," ""g"""
"1"," ""a"""
"1"," ""a"""
"1"," ""t"""
"1"," ""c"""
"1"," ""a"""
"1"," ""a"""
"1"," ""c"""
"1"," ""a"""
"1"," ""t"""
"1"," ""g"""
"1"," ""t"""
"1"," ""g"""
"1"," ""c"""
"1"," ""a"""
"1"," ""c"""
"1","
"
"1"," [541]"
"1"," ""a"""
"1"," ""c"""
"1"," ""t"""
"1"," ""c"""
"1"," ""a"""
"1"," ""t"""
"1"," ""a"""
"1"," ""g"""
"1"," ""c"""
"1"," ""c"""
"1"," ""a"""
"1"," ""t"""
"1"," ""g"""
"1"," ""g"""
"1"," ""a"""
"1"," ""t"""
"1"," ""t"""
"1"," ""t"""
"1"," ""g"""
"1"," ""g"""
"1"," ""g"""
"1"," ""a"""
"1"," ""g"""
"1"," ""a"""
"1"," ""g"""
"1"," ""a"""
"1"," ""t"""
"1","
"
"1"," [568]"
"1"," ""g"""
"1"," ""t"""
"1"," ""g"""
"1"," ""t"""
"1"," ""g"""
"1"," ""a"""
"1"," ""t"""
"1"," ""g"""
"1"," ""a"""
"1"," ""c"""
"1"," ""a"""
"1"," ""c"""
"1"," ""g"""
"1"," ""g"""
"1"," ""t"""
"1"," ""c"""
"1"," ""a"""
"1"," ""c"""
"1"," ""t"""
"1"," ""t"""
"1"," ""a"""
"1"," ""c"""
"1"," ""a"""
"1"," ""a"""
"1"," ""a"""
"1"," ""t"""
"1"," ""g"""
"1","
"
"1"," [595]"
"1"," ""c"""
"1"," ""c"""
"1"," ""c"""
"1"," ""c"""
"1"," ""c"""
"1"," ""a"""
"1"," ""c"""
"1"," ""a"""
"1"," ""t"""
"1"," ""t"""
"1"," ""a"""
"1"," ""c"""
"1"," ""c"""
"1"," ""g"""
"1"," ""a"""
"1"," ""a"""
"1"," ""g"""
"1"," ""t"""
"1"," ""g"""
"1"," ""g"""
"1"," ""a"""
"1"," ""a"""
"1"," ""c"""
"1"," ""c"""
"1"," ""t"""
"1"," ""g"""
"1"," ""a"""
"1","
"
"1"," [622]"
"1"," ""a"""
"1"," ""g"""
"1"," ""a"""
"1"," ""c"""
"1"," ""a"""
"1"," ""t"""
"1"," ""t"""
"1"," ""g"""
"1"," ""a"""
"1"," ""c"""
"1"," ""t"""
"1"," ""g"""
"1"," ""c"""
"1"," ""t"""
"1"," ""g"""
"1"," ""g"""
"1"," ""t"""
"1"," ""g"""
"1"," ""c"""
"1"," ""a"""
"1"," ""a"""
"1"," ""c"""
"1"," ""c"""
"1"," ""t"""
"1"," ""t"""
"1"," ""a"""
"1"," ""c"""
"1","
"
"1"," [649]"
"1"," ""a"""
"1"," ""t"""
"1"," ""c"""
"1"," ""a"""
"1"," ""a"""
"1"," ""c"""
"1"," ""a"""
"1"," ""t"""
"1"," ""g"""
"1"," ""g"""
"1"," ""g"""
"1"," ""t"""
"1"," ""g"""
"1"," ""a"""
"1"," ""c"""
"1"," ""t"""
"1"," ""t"""
"1"," ""a"""
"1"," ""t"""
"1"," ""g"""
"1"," ""g"""
"1"," ""a"""
"1"," ""a"""
"1"," ""c"""
"1"," ""g"""
"1"," ""t"""
"1"," ""g"""
"1","
"
"1"," [676]"
"1"," ""c"""
"1"," ""a"""
"1"," ""a"""
"1"," ""t"""
"1"," ""c"""
"1"," ""a"""
"1"," ""a"""
"1"," ""g"""
"1"," ""c"""
"1"," ""t"""
"1"," ""g"""
"1"," ""g"""
"1"," ""a"""
"1"," ""g"""
"1"," ""a"""
"1"," ""g"""
"1"," ""c"""
"1"," ""a"""
"1"," ""t"""
"1"," ""a"""
"1"," ""g"""
"1"," ""a"""
"1"," ""c"""
"1"," ""g"""
"1"," ""c"""
"1"," ""g"""
"1"," ""a"""
"1","
"
"1"," [703]"
"1"," ""c"""
"1"," ""a"""
"1"," ""a"""
"1"," ""g"""
"1"," ""a"""
"1"," ""g"""
"1"," ""a"""
"1"," ""t"""
"1"," ""c"""
"1"," ""a"""
"1"," ""g"""
"1"," ""t"""
"1"," ""g"""
"1"," ""g"""
"1"," ""c"""
"1"," ""g"""
"1"," ""t"""
"1"," ""t"""
"1"," ""a"""
"1"," ""g"""
"1"," ""c"""
"1"," ""t"""
"1"," ""c"""
"1"," ""c"""
"1"," ""c"""
"1"," ""c"""
"1"," ""a"""
"1","
"
"1"," [730]"
"1"," ""t"""
"1"," ""g"""
"1"," ""t"""
"1"," ""c"""
"1"," ""g"""
"1"," ""g"""
"1"," ""c"""
"1"," ""a"""
"1"," ""t"""
"1"," ""g"""
"1"," ""g"""
"1"," ""g"""
"1"," ""a"""
"1"," ""c"""
"1"," ""t"""
"1"," ""g"""
"1"," ""g"""
"1"," ""a"""
"1"," ""c"""
"1"," ""a"""
"1"," ""c"""
"1"," ""a"""
"1"," ""c"""
"1"," ""g"""
"1"," ""c"""
"1"," ""a"""
"1"," ""c"""
"1","
"
"1"," [757]"
"1"," ""c"""
"1"," ""c"""
"1"," ""a"""
"1"," ""a"""
"1"," ""a"""
"1"," ""c"""
"1"," ""c"""
"1"," ""t"""
"1"," ""g"""
"1"," ""g"""
"1"," ""a"""
"1"," ""t"""
"1"," ""g"""
"1"," ""t"""
"1"," ""c"""
"1"," ""g"""
"1"," ""g"""
"1"," ""c"""
"1"," ""t"""
"1"," ""g"""
"1"," ""a"""
"1"," ""a"""
"1"," ""g"""
"1"," ""g"""
"1"," ""a"""
"1"," ""g"""
"1"," ""c"""
"1","
"
"1"," [784]"
"1"," ""t"""
"1"," ""t"""
"1"," ""g"""
"1"," ""g"""
"1"," ""a"""
"1"," ""g"""
"1"," ""a"""
"1"," ""c"""
"1"," ""a"""
"1"," ""a"""
"1"," ""g"""
"1"," ""t"""
"1"," ""c"""
"1"," ""g"""
"1"," ""a"""
"1"," ""g"""
"1"," ""a"""
"1"," ""a"""
"1"," ""g"""
"1"," ""g"""
"1"," ""t"""
"1"," ""a"""
"1"," ""g"""
"1"," ""a"""
"1"," ""g"""
"1"," ""a"""
"1"," ""c"""
"1","
"
"1"," [811]"
"1"," ""a"""
"1"," ""t"""
"1"," ""g"""
"1"," ""g"""
"1"," ""g"""
"1"," ""c"""
"1"," ""c"""
"1"," ""c"""
"1"," ""t"""
"1"," ""t"""
"1"," ""a"""
"1"," ""g"""
"1"," ""g"""
"1"," ""c"""
"1"," ""a"""
"1"," ""c"""
"1"," ""c"""
"1"," ""c"""
"1"," ""a"""
"1"," ""g"""
"1"," ""g"""
"1"," ""g"""
"1"," ""t"""
"1"," ""t"""
"1"," ""c"""
"1"," ""a"""
"1"," ""c"""
"1","
"
"1"," [838]"
"1"," ""c"""
"1"," ""a"""
"1"," ""t"""
"1"," ""a"""
"1"," ""c"""
"1"," ""t"""
"1"," ""a"""
"1"," ""g"""
"1"," ""c"""
"1"," ""c"""
"1"," ""c"""
"1"," ""t"""
"1"," ""a"""
"1"," ""t"""
"1"," ""t"""
"1"," ""t"""
"1"," ""c"""
"1"," ""t"""
"1"," ""c"""
"1"," ""g"""
"1"," ""c"""
"1"," ""c"""
"1"," ""c"""
"1"," ""a"""
"1"," ""t"""
"1"," ""t"""
"1"," ""a"""
"1","
"
"1"," [865]"
"1"," ""c"""
"1"," ""a"""
"1"," ""t"""
"1"," ""a"""
"1"," ""g"""
"1"," ""g"""
"1"," ""c"""
"1"," ""a"""
"1"," ""c"""
"1"," ""t"""
"1"," ""t"""
"1"," ""c"""
"1"," ""c"""
"1"," ""c"""
"1"," ""t"""
"1"," ""g"""
"1"," ""a"""
"1"," ""c"""
"1"," ""c"""
"1"," ""c"""
"1"," ""a"""
"1"," ""g"""
"1"," ""a"""
"1"," ""a"""
"1"," ""g"""
"1"," ""g"""
"1"," ""t"""
"1","
"
"1"," [892]"
"1"," ""g"""
"1"," ""g"""
"1"," ""t"""
"1"," ""t"""
"1"," ""a"""
"1"," ""t"""
"1"," ""t"""
"1"," ""t"""
"1"," ""t"""
"1"," ""c"""
"1"," ""a"""
"1"," ""t"""
"1"," ""a"""
"1"," ""t"""
"1"," ""t"""
"1"," ""a"""
"1"," ""t"""
"1"," ""t"""
"1"," ""a"""
"1"," ""a"""
"1"," ""t"""
"1"," ""g"""
"1"," ""c"""
"1"," ""t"""
"1"," ""g"""
"1"," ""g"""
"1"," ""t"""
"1","
"
"1"," [919]"
"1"," ""c"""
"1"," ""a"""
"1"," ""c"""
"1"," ""c"""
"1"," ""c"""
"1"," ""c"""
"1"," ""a"""
"1"," ""t"""
"1"," ""c"""
"1"," ""c"""
"1"," ""a"""
"1"," ""t"""
"1"," ""g"""
"1"," ""a"""
"1"," ""c"""
"1"," ""a"""
"1"," ""a"""
"1"," ""t"""
"1"," ""g"""
"1"," ""a"""
"1"," ""g"""
"1"," ""a"""
"1"," ""t"""
"1"," ""g"""
"1"," ""t"""
"1"," ""g"""
"1"," ""t"""
"1","
"
"1"," [946]"
"1"," ""g"""
"1"," ""g"""
"1"," ""g"""
"1"," ""a"""
"1"," ""g"""
"1"," ""t"""
"1"," ""a"""
"1"," ""g"""
"1"," ""g"""
"1"," ""a"""
"1"," ""a"""
"1"," ""a"""
"1"," ""c"""
"1"," ""a"""
"1"," ""g"""
"1"," ""a"""
"1"," ""g"""
"1"," ""a"""
"1"," ""t"""
"1"," ""t"""
"1"," ""t"""
"1"," ""t"""
"1"," ""g"""
"1"," ""t"""
"1"," ""g"""
"1"," ""g"""
"1"," ""a"""
"1","
"
"1"," [973]"
"1"," ""a"""
"1"," ""g"""
"1"," ""g"""
"1"," ""g"""
"1"," ""c"""
"1"," ""t"""
"1"," ""a"""
"1"," ""t"""
"1"," ""c"""
"1"," ""a"""
"1"," ""g"""
"1"," ""g"""
"1"," ""a"""
"1"," ""g"""
"1"," ""c"""
"1"," ""t"""
"1"," ""a"""
"1"," ""c"""
"1"," ""g"""
"1"," ""t"""
"1"," ""g"""
"1"," ""g"""
"1"," ""g"""
"1"," ""t"""
"1"," ""t"""
"1"," ""g"""
"1"," ""a"""
"1","
"
"1","[1000]"
"1"," ""c"""
"1","
"
"1"," [ reached getOption(""max.print"") -- omitted 9707 entries ]
"
"1","
"
"1","attr(,""species"")"
"1","
"
"1","[1]"
"1"," ""dengue_virus_type_3"""
"1","
"
"0","length(secuencia2)"
"1","[1]"
"1"," 1"
"1","
"
"0","length(secuencia2[[1]])"
"1","[1]"
"1"," 10707"
"1","
"
"0","# Devuelve una lista"
"0","# Tiene una sola secuencia"
"0","# La longitud de la secuencia es de 10707"
"0",""
