"0","class(ecoli)    # el objeto ecoli es una lista. Para extraer una secuencia en"
"1","[1]"
"1"," ""list"""
"1","
"
"0","                # particular usamos [[]]"
"0","seq1 = ecoli[[1]]"
"0","head(seq1,200)"
"1"," [1]"
"1"," ""a"""
"1"," ""t"""
"1"," ""g"""
"1"," ""a"""
"1"," ""a"""
"1"," ""a"""
"1"," ""c"""
"1"," ""g"""
"1"," ""c"""
"1"," ""a"""
"1"," ""t"""
"1"," ""t"""
"1"," ""a"""
"1"," ""g"""
"1"," ""c"""
"1"," ""a"""
"1"," ""c"""
"1"," ""c"""
"1"," ""a"""
"1"," ""c"""
"1"," ""c"""
"1"," ""a"""
"1","
"
"1","[23]"
"1"," ""t"""
"1"," ""t"""
"1"," ""a"""
"1"," ""c"""
"1"," ""c"""
"1"," ""a"""
"1"," ""c"""
"1"," ""c"""
"1"," ""a"""
"1"," ""c"""
"1"," ""c"""
"1"," ""a"""
"1"," ""t"""
"1"," ""c"""
"1"," ""a"""
"1"," ""c"""
"1"," ""c"""
"1"," ""a"""
"1"," ""t"""
"1"," ""t"""
"1"," ""a"""
"1"," ""c"""
"1","
"
"1","[45]"
"1"," ""c"""
"1"," ""a"""
"1"," ""c"""
"1"," ""a"""
"1"," ""g"""
"1"," ""g"""
"1"," ""t"""
"1"," ""a"""
"1"," ""a"""
"1"," ""c"""
"1"," ""g"""
"1"," ""g"""
"1"," ""t"""
"1"," ""g"""
"1"," ""c"""
"1"," ""g"""
"1"," ""g"""
"1"," ""g"""
"1"," ""c"""
"1"," ""t"""
"1"," ""g"""
"1"," ""a"""
"1","
"
