"0","head(ecoli[[1]],100)"
"1"," [1]"
"1"," ""a"""
"1"," ""t"""
"1"," ""g"""
"1"," ""a"""
"1"," ""a"""
"1"," ""a"""
"1"," ""c"""
"1"," ""g"""
"1"," ""c"""
"1"," ""a"""
"1"," ""t"""
"1"," ""t"""
"1"," ""a"""
"1"," ""g"""
"1"," ""c"""
"1"," ""a"""
"1"," ""c"""
"1"," ""c"""
"1"," ""a"""
"1"," ""c"""
"1"," ""c"""
"1"," ""a"""
"1","
"
"1","[23]"
"1"," ""t"""
"1"," ""t"""
"1"," ""a"""
"1"," ""c"""
"1"," ""c"""
"1"," ""a"""
"1"," ""c"""
"1"," ""c"""
"1"," ""a"""
"1"," ""c"""
"1"," ""c"""
"1"," ""a"""
"1"," ""t"""
"1"," ""c"""
"1"," ""a"""
"1"," ""c"""
"1"," ""c"""
"1"," ""a"""
"1"," ""t"""
"1"," ""t"""
"1"," ""a"""
"1"," ""c"""
"1","
"
"1","[45]"
"1"," ""c"""
"1"," ""a"""
"1"," ""c"""
"1"," ""a"""
"1"," ""g"""
"1"," ""g"""
"1"," ""t"""
"1"," ""a"""
"1"," ""a"""
"1"," ""c"""
"1"," ""g"""
"1"," ""g"""
"1"," ""t"""
"1"," ""g"""
"1"," ""c"""
"1"," ""g"""
"1"," ""g"""
"1"," ""g"""
"1"," ""c"""
"1"," ""t"""
"1"," ""g"""
"1"," ""a"""
"1","
"
"0","sec=c2s(ecoli[[1]])"
"0","print(class(sec))"
"1","[1]"
"1"," ""character"""
"1","
"
"0","print(sec)"
"1","[1]"
"1"," ""atgaaacgcattagcaccaccattaccaccaccatcaccattaccacaggtaacggtgcgggctga"""
"1","
"
