"0","# el objeto ecoli es de tipo lista, por tanto podemos usar lapply() o sapply()"
"0","# Al usar sapply(), se aplicará la función c2s a cada elemento de la lista y"
"0","# el resultado que obtenemos es un vector con la misma cantidad de elementos"
"0","# que la lista ecoli"
"0",""
"0","vec_sec = sapply(ecoli,FUN=c2s)"
"0","print(class(vec_sec))"
"1","[1]"
"1"," ""character"""
"1","
"
"0","print(vec_sec[7])"
"1","                                                                                                                                                                                                                                                                                                                                                                                                                                                                                                                                                                                                                                                                                                                                                                                                                                                                                                                                                                                                                                                                                                                                                                                                                                                                                                                                                                                                                                                                                 AAC73118 "
"1","
"
"1","""atgccagattttttctccttcattaacagcgtcctttggggatcggtaatgatttacctgctcttcggcgcaggttgttggttcacttttcgcaccggatttgtgcagtttcgctacatccgccagtttggcaaaagtcttaaaaatagcattcatccacagccaggcggtttaacctcatttcagtcattgtgtaccagtcttgcggcgcgcgtgggtagcggcaacctggccggcgttgcgctggctattaccgccggtggacctggagccgtcttttggatgtgggttgccgcgtttatcggcatggcgacctcgtttgccgaatgttctctggcacaactttataaagaacgtgacgtcaatgggcagtttcgtggcggaccggcatggtatatggcgcgcgggctggggatgcgctggatgggcgttctgttcgccgtctttttgctcatcgcctatggcataattttcagcggagttcaagcgaacgccgttgcccgcgccctgagtttttcttttgattttcccccgctggtgacaggcattattctcgctgtctttactctgctggcaatcactcgcggtcttcatggcgtcgcccggctcatgcagggctttgtcccgttgatggcgataatctgggtactgaccagcctggtaatttgcgtaatgaatatcgggcaacttccccacgtcatttggtctatttttgagagtgcttttggctggcaggaagcggcaggcggcgcggcgggatataccttaagccaggcgattactaacggttttcagcgcagtatgttttccaatgaggcgggaatgggttcgacgccaaacgcggcagcggcagcggcgtcctggcctccgcatccggcagcgcaagggattgtccagatgattggcatttttatcgacaccctggtcatctgtacggcaagcgccatgctgatattactggcgggtaacggcacaacctacatgccgctggaaggtattcagcttatccagaaggcgatgcgggtgctaatgggttcctggggtgctgagtttgttacccttgtggttattctgtttgccttcagctccatcgttgccaactacatttatgccgaaaacaatctcttctttttacgcctgaacaaccctaaagcgatctggtgtttgcggatctgcaccttcgcaacggtcatcggcggcaccttgctaagccttccgctgatgtggcaactggcagatatcataatggcctgcatggctattaccaatttgaccgccattttactgctctcgcctgtggttcataccattgccagtgattatctacgccagcgtaaactcggcgtgcgcccggtgtttgatccattgcgttatccggatatcggtcgccagctttctccggacgcgtgggatgatgtttcgcaggagtaa"" "
"1","
"
"0","print(vec_sec[c(6,7)])"
"1","                                                                                                                                                                                                                                                                                                                                                                                                                                                                                                                                                                                                                                                                                                                                                                                                                                                                                                                                                                                                                                                                                                                                                                                                                                                                                                                                                                                                                                                                                 AAC73117 "
"1","
"
"1","                                                                                                                                                                                                                                                                                                                                                                                                                                                                                                                                                                                                                                                                              ""atgctgattcttatttcacctgcgaaaacgcttgattaccaaagcccgttgaccaccacgcgctatacgctgccggagctgttagacaattcccagcagttgatccatgaggcgcggaaactgacgcctccgcagattagcacgctgatgcgcatcagcgacaaactggcgggtatcaacgccgctcgctttcatgactggcagccagatttcacgccggcgaatgcccgccaggcgattctggcgtttaaaggtgatgtctacaccggcttgcaggccgaaaccttcagcgaagacgatttcgattttgcccaacagcatttgcgaatgctttccggcttgtatggcgtactccgcccgctcgatttaatgcagccttatcgtctggaaatggggatccgtcttgagaatgcccgagggaaagatctgtatcaattctggggagatatcatcaccaacaagctgaacgaggcgctcgcagcacaaggcgataatgtggtgattaatctggcgtcagatgagtattttaaatcggtgaagccgaagaaattgaatgccgagattatcaagccggtgttcctcgatgagaagaacggcaaatttaagatcatcagcttctacgctaagaaagcacgcggtctgatgagtcgtttcattattgaaaatcggctgaccaaaccagagcaactgactggttttaatagcgaaggttacttctttgatgaagattcctccagcaatggcgaactggtgtttaaacgctacgagcagcgttaa"" "
"1","
"
"1","                                                                                                                                                                                                                                                                                                                                                                                                                                                                                                                                                                                                                                                                                                                                                                                                                                                                                                                                                                                                                                                                                                                                                                                                                                                                                                                                                                                                                                                                                 AAC73118 "
"1","
"
"1","""atgccagattttttctccttcattaacagcgtcctttggggatcggtaatgatttacctgctcttcggcgcaggttgttggttcacttttcgcaccggatttgtgcagtttcgctacatccgccagtttggcaaaagtcttaaaaatagcattcatccacagccaggcggtttaacctcatttcagtcattgtgtaccagtcttgcggcgcgcgtgggtagcggcaacctggccggcgttgcgctggctattaccgccggtggacctggagccgtcttttggatgtgggttgccgcgtttatcggcatggcgacctcgtttgccgaatgttctctggcacaactttataaagaacgtgacgtcaatgggcagtttcgtggcggaccggcatggtatatggcgcgcgggctggggatgcgctggatgggcgttctgttcgccgtctttttgctcatcgcctatggcataattttcagcggagttcaagcgaacgccgttgcccgcgccctgagtttttcttttgattttcccccgctggtgacaggcattattctcgctgtctttactctgctggcaatcactcgcggtcttcatggcgtcgcccggctcatgcagggctttgtcccgttgatggcgataatctgggtactgaccagcctggtaatttgcgtaatgaatatcgggcaacttccccacgtcatttggtctatttttgagagtgcttttggctggcaggaagcggcaggcggcgcggcgggatataccttaagccaggcgattactaacggttttcagcgcagtatgttttccaatgaggcgggaatgggttcgacgccaaacgcggcagcggcagcggcgtcctggcctccgcatccggcagcgcaagggattgtccagatgattggcatttttatcgacaccctggtcatctgtacggcaagcgccatgctgatattactggcgggtaacggcacaacctacatgccgctggaaggtattcagcttatccagaaggcgatgcgggtgctaatgggttcctggggtgctgagtttgttacccttgtggttattctgtttgccttcagctccatcgttgccaactacatttatgccgaaaacaatctcttctttttacgcctgaacaaccctaaagcgatctggtgtttgcggatctgcaccttcgcaacggtcatcggcggcaccttgctaagccttccgctgatgtggcaactggcagatatcataatggcctgcatggctattaccaatttgaccgccattttactgctctcgcctgtggttcataccattgccagtgattatctacgccagcgtaaactcggcgtgcgcccggtgtttgatccattgcgttatccggatatcggtcgccagctttctccggacgcgtgggatgatgtttcgcaggagtaa"" "
"1","
"
