"0","vec_sec2 = sapply(ecoli,FUN=str_flatten)"
"0","head(vec_sec2)"
"1","                                                                                                                                                                                                                                                                                                                                                                                                                                                                                                                                                                                                                                                                                                                                                                                                                                                                                                                                                                                                                                                                                                                                                                                                                                                                                                                                                                                                                                                                                                                                                                                                                                                                                                                                                                                                                                                                                                                                                                                                                                                                                                                                                                                                                                                                                                                                                                                                                                                                                                                                                         AAC73112 "
"1","
"
"1","                                                                                                                                                                                                                                                                                                                                                                                                                                                                                                                                                                                                                                                                                                                                                                                                                                                                                                                                                                                                                                                                                                                                                                                                                                                                                                                                                                                                                                                                                                                                                                                                                                                                                                                                                                                                                                                                                                                                                                                                                                                                                                                                                                                                                                                                                                                                                                                                                                                                                             ""atgaaacgcattagcaccaccattaccaccaccatcaccattaccacaggtaacggtgcgggctga"" "
"1","
"
"1","                                                                                                                                                                                                                                                                                                                                                                                                                                                                                                                                                                                                                                                                                                                                                                                                                                                                                                                                                                                                                                                                                                                                                                                                                                                                                                                                                                                                                                                                                                                                                                                                                                                                                                                                                                                                                                                                                                                                                                                                                                                                                                                                                                                                                                                                                                                                                                                                                                                                                                                                                         AAC73113 "
"1","
"
"1","""atgcgagtgttgaagttcggcggtacatcagtggcaaatgcagaacgttttctgcgtgttgccgatattctggaaagcaatgccaggcaggggcaggtggccaccgtcctctctgcccccgccaaaatcaccaaccacctggtggcgatgattgaaaaaaccattagcggccaggatgctttacccaatatcagcgatgccgaacgtatttttgccgaacttttgacgggactcgccgccgcccagccggggttcccgctggcgcaattgaaaactttcgtcgatcaggaatttgcccaaataaaacatgtcctgcatggcattagtttgttggggcagtgcccggatagcatcaacgctgcgctgatttgccgtggcgagaaaatgtcgatcgccattatggccggcgtattagaagcgcgcggtcacaacgttactgttatcgatccggtcgaaaaactgctggcagtggggcattacctcgaatctaccgtcgatattgctgagtccacccgccgtattgcggcaagccgcattccggctgatcacatggtgctgatggcaggtttcaccgccggtaatgaaaaaggcgaactggtggtgcttggacgcaacggttccgactactctgctgcggtgctggctgcctgtttacgcgccgattgttgcgagatttggacggacgttgacggggtctatacctgcgacccgcgtcaggtgcccgatgcgaggttgttgaagtcgatgtcctaccaggaagcgatggagctttcctacttcggcgctaaagttcttcacccccgcaccattacccccatcgcccagttccagatcccttgcctgattaaaaataccggaaatcctcaagcaccaggtacgctcattggtgccagccgtgatgaagacgaattaccggtcaagggcatttccaatctgaataacatggcaatgttcagcgtttctggtccggggatgaaagggatggtcggcatggcggcgcgcgtctttgcagcgatgtcacgcgcccgtatttccgtggtgctgattacgcaatcatcttccgaatacagcatcagtttctgcgttccacaaagcgactgtgtgcgagctgaacgggcaatgcaggaagagttctacctggaactgaaagaaggcttactggagccgctggcagtgacggaacggctggccattatctcggtggtaggtgatggtatgcgcaccttgcgtgggatctcggcgaaattctttgccgcactggcccgcgccaatatcaacattgtcgccattgctcagggatcttctgaacgctcaatctctgtcgtggtaaataacgatgatgcgaccactggcgtgcgcgttactcatcagatgctgttcaataccgatcaggttatcgaagtgtttgtgattggcgtcggtggcgttggcggtgcgctgctggagcaactgaagcgtcagcaaagctggctgaagaataaacatatcgacttacgtgtctgcggtgttgccaactcgaaggctctgctcaccaatgtacatggccttaatctggaaaactggcaggaagaactggcgcaagccaaagagccgtttaatctcgggcgcttaattcgcctcgtgaaagaatatcatctgctgaacccggtcattgttgactgcacttccagccaggcagtggcggatcaatatgccgacttcctgcgcgaaggtttccacgttgtcacgccgaacaaaaaggccaacacctcgtcgatggattactaccatcagttgcgttatgcggcggaaaaatcgcggcgtaaattcctctatgacaccaacgttggggctggattaccggttattgagaacctgcaaaatctgctcaatgcaggtgatgaattgatgaagttctccggcattctttctggttcgctttcttatatcttcggcaagttagacgaaggcatgagtttctccgaggcgaccacgctggcgcgggaaatgggttataccgaaccggacccgcgagatgatctttctggtatggatgtggcgcgtaaactattgattctcgctcgtgaaacgggacgtgaactggagctggcggatattgaaattgaacctgtgctgcccgcagagtttaacgccgagggtgatgttgccgcttttatggcgaatctgtcacaactcgacgatctctttgccgcgcgcgtggcgaaggcccgtgatgaaggaaaagttttgcgctatgttggcaatattgatgaagatggcgtctgccgcgtgaagattgccgaagtggatggtaatgatccgctgttcaaagtgaaaaatggcgaaaacgccctggccttctatagccactattatcagccgctgccgttggtactgcgcggatatggtgcgggcaatgacgttacagctgccggtgtctttgctgatctgctacgtaccctctcatggaagttaggagtctga"" "
"1","
"
"1","                                                                                                                                                                                                                                                                                                                                                                                                                                                                                                                                                                                                                                                                                                                                                                                                                                                                                                                                                                                                                                                                                                                                                                                                                                                                                                                                                                                                                                                                                                                                                                                                                                                                                                                                                                                                                                                                                                                                                                                                                                                                                                                                                                                                                                                                                                                                                                                                                                                                                                                                                         AAC73114 "
"1","
"
"1","                                                                                                                                                                                                                                                                                                                                                                                                                                                                                                                                                                                                                                                                                                                                                                                                                                                                                                                                                                                                                                                                                                                                                                                                                                                                                                                                                                                                                                                                                                                                                                                          ""atggttaaagtttatgccccggcttccagtgccaatatgagcgtcgggtttgatgtgctcggggcggcggtgacacctgttgatggtgcattgctcggagatgtagtcacggttgaggcggcagagacattcagtctcaacaacctcggacgctttgccgataagctgccgtcagaaccacgggaaaatatcgtttatcagtgctgggagcgtttttgccaggaactgggtaagcaaattccagtggcgatgaccctggaaaagaatatgccgatcggttcgggcttaggctccagtgcctgttcggtggtcgcggcgctgatggcgatgaatgaacactgcggcaagccgcttaatgacactcgtttgctggctttgatgggcgagctggaaggccgtatctccggcagcattcattacgacaacgtggcaccgtgttttctcggtggtatgcagttgatgatcgaagaaaacgacatcatcagccagcaagtgccagggtttgatgagtggctgtgggtgctggcgtatccggggattaaagtctcgacggcagaagccagggctattttaccggcgcagtatcgccgccaggattgcattgcgcacgggcgacatctggcaggcttcattcacgcctgctattcccgtcagcctgagcttgccgcgaagctgatgaaagatgttatcgctgaaccctaccgtgaacggttactgccaggcttccggcaggcgcggcaggcggtcgcggaaatcggcgcggtagcgagcggtatctccggctccggcccgaccttgttcgctctgtgtgacaagccggaaaccgcccagcgcgttgccgactggttgggtaagaactacctgcaaaatcaggaaggttttgttcatatttgccggctggatacggcgggcgcacgagtactggaaaactaa"" "
"1","
"
"1","                                                                                                                                                                                                                                                                                                                                                                                                                                                                                                                                                                                                                                                                                                                                                                                                                                                                                                                                                                                                                                                                                                                                                                                                                                                                                                                                                                                                                                                                                                                                                                                                                                                                                                                                                                                                                                                                                                                                                                                                                                                                                                                                                                                                                                                                                                                                                                                                                                                                                                                                                         AAC73115 "
"1","
"
"1","                                                                                                                                                                                                                                                                                                                                                                                                                                                                                                                                                                                                                                                                                                                                                                                                                                                                                                                                                                                                                                                                                                                                                                                                                        ""atgaaactctacaatctgaaagatcacaacgagcaggtcagctttgcgcaagccgtaacccaggggttgggcaaaaatcaggggctgttttttccgcacgacctgccggaattcagcctgactgaaattgatgagatgctgaagctggattttgtcacccgcagtgcgaagatcctctcggcgtttattggtgatgaaatcccacaggaaatcctggaagagcgcgtgcgcgcggcgtttgccttcccggctccggtcgccaatgttgaaagcgatgtcggttgtctggaattgttccacgggccaacgctggcatttaaagatttcggcggtcgctttatggcacaaatgctgacccatattgcgggtgataagccagtgaccattctgaccgcgacctccggtgataccggagcggcagtggctcatgctttctacggtttaccgaatgtgaaagtggttatcctctatccacgaggcaaaatcagtccactgcaagaaaaactgttctgtacattgggcggcaatatcgaaactgttgccatcgacggcgatttcgatgcctgtcaggcgctggtgaagcaggcgtttgatgatgaagaactgaaagtggcgctagggttaaactcggctaactcgattaacatcagccgtttgctggcgcagatttgctactactttgaagctgttgcgcagctgccgcaggagacgcgcaaccagctggttgtctcggtgccaagcggaaacttcggcgatttgacggcgggtctgctggcgaagtcactcggtctgccggtgaaacgttttattgctgcgaccaacgtgaacgataccgtgccacgtttcctgcacgacggtcagtggtcacccaaagcgactcaggcgacgttatccaacgcgatggacgtgagtcagccgaacaactggccgcgtgtggaagagttgttccgccgcaaaatctggcaactgaaagagctgggttatgcagccgtggatgatgaaaccacgcaacagacaatgcgtgagttaaaagaactgggctacacttcggagccgcacgctgccgtagcttatcgtgcgctgcgtgatcagttgaatccaggcgaatatggcttgttcctcggcaccgcgcatccggcgaaatttaaagagagcgtggaagcgattctcggtgaaacgttggatctgccaaaagagctggcagaacgtgctgatttacccttgctttcacataatctgcccgccgattttgctgcgttgcgtaaattgatgatgaatcatcagtaa"" "
"1","
"
"1","                                                                                                                                                                                                                                                                                                                                                                                                                                                                                                                                                                                                                                                                                                                                                                                                                                                                                                                                                                                                                                                                                                                                                                                                                                                                                                                                                                                                                                                                                                                                                                                                                                                                                                                                                                                                                                                                                                                                                                                                                                                                                                                                                                                                                                                                                                                                                                                                                                                                                                                                                         AAC73116 "
"1","
"
"1","                                                                                                                                                                                                                                                                                                                                                                                                                                                                                                                                                                                                                                                                                                                                                                                                                                                                                                                                                                                                                                                                                                                                                                                                                                                                                                                                                                                                                                                                                                                                                                                                                                                                                                                                                                                                                                                                                                                                                                                                                                                                                                                                                                                                                                                      ""gtgaaaaagatgcaatctatcgtactcgcactttccctggttctggtcgctcccatggcagcacaggctgcggaaattacgttagtcccgtcagtaaaattacagataggcgatcgtgataatcgtggctattactgggatggaggtcactggcgcgaccacggctggtggaaacaacattatgaatggcgaggcaatcgctggcacctacacggaccgccgccaccgccgcgccaccataagaaagctcctcatgatcatcacggcggtcatggtccaggcaaacatcaccgctaa"" "
"1","
"
"1","                                                                                                                                                                                                                                                                                                                                                                                                                                                                                                                                                                                                                                                                                                                                                                                                                                                                                                                                                                                                                                                                                                                                                                                                                                                                                                                                                                                                                                                                                                                                                                                                                                                                                                                                                                                                                                                                                                                                                                                                                                                                                                                                                                                                                                                                                                                                                                                                                                                                                                                                                         AAC73117 "
"1","
"
"1","                                                                                                                                                                                                                                                                                                                                                                                                                                                                                                                                                                                                                                                                                                                                                                                                                                                                                                                                                                                                                                                                                                                                                                                                                                                                                                                                                                                                                                                                                                                                                                                                                                                                                                                                                      ""atgctgattcttatttcacctgcgaaaacgcttgattaccaaagcccgttgaccaccacgcgctatacgctgccggagctgttagacaattcccagcagttgatccatgaggcgcggaaactgacgcctccgcagattagcacgctgatgcgcatcagcgacaaactggcgggtatcaacgccgctcgctttcatgactggcagccagatttcacgccggcgaatgcccgccaggcgattctggcgtttaaaggtgatgtctacaccggcttgcaggccgaaaccttcagcgaagacgatttcgattttgcccaacagcatttgcgaatgctttccggcttgtatggcgtactccgcccgctcgatttaatgcagccttatcgtctggaaatggggatccgtcttgagaatgcccgagggaaagatctgtatcaattctggggagatatcatcaccaacaagctgaacgaggcgctcgcagcacaaggcgataatgtggtgattaatctggcgtcagatgagtattttaaatcggtgaagccgaagaaattgaatgccgagattatcaagccggtgttcctcgatgagaagaacggcaaatttaagatcatcagcttctacgctaagaaagcacgcggtctgatgagtcgtttcattattgaaaatcggctgaccaaaccagagcaactgactggttttaatagcgaaggttacttctttgatgaagattcctccagcaatggcgaactggtgtttaaacgctacgagcagcgttaa"" "
"1","
"
