"0","vec_sec2[6]"
"1","                                                                                                                                                                                                                                                                                                                                                                                                                                                                                                                                                                                                                                                                                                                                                                                                   AAC73117 "
"1","
"
"1","""atgctgattcttatttcacctgcgaaaacgcttgattaccaaagcccgttgaccaccacgcgctatacgctgccggagctgttagacaattcccagcagttgatccatgaggcgcggaaactgacgcctccgcagattagcacgctgatgcgcatcagcgacaaactggcgggtatcaacgccgctcgctttcatgactggcagccagatttcacgccggcgaatgcccgccaggcgattctggcgtttaaaggtgatgtctacaccggcttgcaggccgaaaccttcagcgaagacgatttcgattttgcccaacagcatttgcgaatgctttccggcttgtatggcgtactccgcccgctcgatttaatgcagccttatcgtctggaaatggggatccgtcttgagaatgcccgagggaaagatctgtatcaattctggggagatatcatcaccaacaagctgaacgaggcgctcgcagcacaaggcgataatgtggtgattaatctggcgtcagatgagtattttaaatcggtgaagccgaagaaattgaatgccgagattatcaagccggtgttcctcgatgagaagaacggcaaatttaagatcatcagcttctacgctaagaaagcacgcggtctgatgagtcgtttcattattgaaaatcggctgaccaaaccagagcaactgactggttttaatagcgaaggttacttctttgatgaagattcctccagcaatggcgaactggtgtttaaacgctacgagcagcgttaa"" "
"1","
"
"0","donde = str_locate_all(vec_sec2[6],""cat"")"
"0","class(donde)"
"1","[1]"
"1"," ""list"""
"1","
"
"0","class(donde[[1]])"
"1","[1]"
"1"," ""matrix"""
"1"," ""array"" "
"1","
"
"0","otro = donde[[1]]"
"0","print(otro)"
"1","    "
"1"," start"
"1"," end"
"1","
[1,]"
"1","   106"
"1"," 108"
"1","
[2,]"
"1","   153"
"1"," 155"
"1","
[3,]"
"1","   193"
"1"," 195"
"1","
[4,]"
"1","   319"
"1"," 321"
"1","
[5,]"
"1","   450"
"1"," 452"
"1","
[6,]"
"1","   609"
"1"," 611"
"1","
[7,]"
"1","   654"
"1"," 656"
"1","
"
